image_path,class_name,split_name
data/raw/bottle/test/good/019.png,normal,train
data/raw/bottle/train/good/063.png,normal,train
data/raw/bottle/test/broken_large/016.png,defective,train
data/raw/bottle/train/good/116.png,normal,train
data/raw/bottle/train/good/144.png,normal,train
data/raw/bottle/train/good/055.png,normal,train
data/raw/bottle/train/good/118.png,normal,train
data/raw/bottle/train/good/159.png,normal,train
data/raw/bottle/train/good/019.png,normal,train
data/raw/bottle/train/good/151.png,normal,train
data/raw/bottle/train/good/164.png,normal,train
data/raw/bottle/test/good/010.png,normal,train
data/raw/bottle/train/good/002.png,normal,train
data/raw/bottle/train/good/030.png,normal,train
data/raw/bottle/test/contamination/013.png,defective,train
data/raw/bottle/test/contamination/005.png,defective,train
data/raw/bottle/train/good/079.png,normal,train
data/raw/bottle/test/contamination/016.png,defective,train
data/raw/bottle/train/good/085.png,normal,train
data/raw/bottle/train/good/195.png,normal,train
data/raw/bottle/train/good/101.png,normal,train
data/raw/bottle/train/good/082.png,normal,train
data/raw/bottle/train/good/127.png,normal,train
data/raw/bottle/train/good/058.png,normal,train
data/raw/bottle/train/good/018.png,normal,train
data/raw/bottle/train/good/031.png,normal,train
data/raw/bottle/train/good/176.png,normal,train
data/raw/bottle/test/contamination/002.png,defective,train
data/raw/bottle/train/good/198.png,normal,train
data/raw/bottle/train/good/117.png,normal,train
data/raw/bottle/test/contamination/015.png,defective,train
data/raw/bottle/train/good/000.png,normal,train
data/raw/bottle/train/good/146.png,normal,train
data/raw/bottle/test/contamination/018.png,defective,train
data/raw/bottle/train/good/166.png,normal,train
data/raw/bottle/train/good/120.png,normal,train
data/raw/bottle/train/good/147.png,normal,train
data/raw/bottle/train/good/115.png,normal,train
data/raw/bottle/train/good/108.png,normal,train
data/raw/bottle/train/good/137.png,normal,train
data/raw/bottle/train/good/035.png,normal,train
data/raw/bottle/train/good/056.png,normal,train
data/raw/bottle/train/good/069.png,normal,train
data/raw/bottle/train/good/021.png,normal,train
data/raw/bottle/train/good/010.png,normal,train
data/raw/bottle/train/good/066.png,normal,train
data/raw/bottle/train/good/045.png,normal,train
data/raw/bottle/test/good/003.png,normal,train
data/raw/bottle/test/good/015.png,normal,train
data/raw/bottle/train/good/005.png,normal,train
data/raw/bottle/test/good/014.png,normal,train
data/raw/bottle/train/good/076.png,normal,train
data/raw/bottle/train/good/173.png,normal,train
data/raw/bottle/train/good/033.png,normal,train
data/raw/bottle/test/good/011.png,normal,train
data/raw/bottle/train/good/077.png,normal,train
data/raw/bottle/test/broken_large/000.png,defective,train
data/raw/bottle/train/good/072.png,normal,train
data/raw/bottle/test/broken_small/011.png,defective,train
data/raw/bottle/train/good/097.png,normal,train
data/raw/bottle/test/good/001.png,normal,train
data/raw/bottle/train/good/183.png,normal,train
data/raw/bottle/train/good/029.png,normal,train
data/raw/bottle/train/good/169.png,normal,train
data/raw/bottle/train/good/073.png,normal,train
data/raw/bottle/train/good/172.png,normal,train
data/raw/bottle/test/broken_small/007.png,defective,train
data/raw/bottle/train/good/107.png,normal,train
data/raw/bottle/train/good/200.png,normal,train
data/raw/bottle/test/contamination/019.png,defective,train
data/raw/bottle/test/broken_large/009.png,defective,train
data/raw/bottle/test/broken_small/005.png,defective,train
data/raw/bottle/test/broken_large/004.png,defective,train
data/raw/bottle/train/good/193.png,normal,train
data/raw/bottle/train/good/148.png,normal,train
data/raw/bottle/test/good/005.png,normal,train
data/raw/bottle/train/good/207.png,normal,train
data/raw/bottle/train/good/197.png,normal,train
data/raw/bottle/train/good/057.png,normal,train
data/raw/bottle/test/contamination/006.png,defective,train
data/raw/bottle/train/good/130.png,normal,train
data/raw/bottle/train/good/181.png,normal,train
data/raw/bottle/train/good/111.png,normal,train
data/raw/bottle/train/good/112.png,normal,train
data/raw/bottle/test/contamination/014.png,defective,train
data/raw/bottle/train/good/046.png,normal,train
data/raw/bottle/train/good/140.png,normal,train
data/raw/bottle/train/good/158.png,normal,train
data/raw/bottle/train/good/141.png,normal,train
data/raw/bottle/test/broken_large/005.png,defective,train
data/raw/bottle/train/good/202.png,normal,train
data/raw/bottle/train/good/042.png,normal,train
data/raw/bottle/train/good/119.png,normal,train
data/raw/bottle/train/good/106.png,normal,train
data/raw/bottle/train/good/089.png,normal,train
data/raw/bottle/train/good/096.png,normal,train
data/raw/bottle/train/good/093.png,normal,train
data/raw/bottle/test/broken_small/017.png,defective,train
data/raw/bottle/train/good/160.png,normal,train
data/raw/bottle/train/good/091.png,normal,train
data/raw/bottle/train/good/204.png,normal,train
data/raw/bottle/train/good/025.png,normal,train
data/raw/bottle/train/good/059.png,normal,train
data/raw/bottle/train/good/012.png,normal,train
data/raw/bottle/train/good/139.png,normal,train
data/raw/bottle/train/good/083.png,normal,train
data/raw/bottle/train/good/074.png,normal,train
data/raw/bottle/train/good/149.png,normal,train
data/raw/bottle/train/good/065.png,normal,train
data/raw/bottle/train/good/186.png,normal,train
data/raw/bottle/train/good/180.png,normal,train
data/raw/bottle/train/good/067.png,normal,train
data/raw/bottle/train/good/026.png,normal,train
data/raw/bottle/train/good/060.png,normal,train
data/raw/bottle/train/good/006.png,normal,train
data/raw/bottle/train/good/017.png,normal,train
data/raw/bottle/test/broken_small/014.png,defective,train
data/raw/bottle/train/good/024.png,normal,train
data/raw/bottle/train/good/142.png,normal,train
data/raw/bottle/train/good/157.png,normal,train
data/raw/bottle/test/broken_large/013.png,defective,train
data/raw/bottle/test/contamination/007.png,defective,train
data/raw/bottle/train/good/182.png,normal,train
data/raw/bottle/train/good/191.png,normal,train
data/raw/bottle/train/good/109.png,normal,train
data/raw/bottle/test/broken_large/008.png,defective,train
data/raw/bottle/train/good/009.png,normal,train
data/raw/bottle/test/broken_small/004.png,defective,train
data/raw/bottle/train/good/143.png,normal,train
data/raw/bottle/test/good/007.png,normal,train
data/raw/bottle/test/broken_small/020.png,defective,train
data/raw/bottle/train/good/152.png,normal,train
data/raw/bottle/train/good/171.png,normal,train
data/raw/bottle/test/contamination/011.png,defective,train
data/raw/bottle/test/broken_small/012.png,defective,train
data/raw/bottle/test/broken_small/009.png,defective,train
data/raw/bottle/train/good/095.png,normal,train
data/raw/bottle/train/good/203.png,normal,train
data/raw/bottle/train/good/099.png,normal,train
data/raw/bottle/test/good/006.png,normal,train
data/raw/bottle/train/good/022.png,normal,train
data/raw/bottle/test/contamination/017.png,defective,train
data/raw/bottle/train/good/037.png,normal,train
data/raw/bottle/train/good/155.png,normal,train
data/raw/bottle/train/good/086.png,normal,train
data/raw/bottle/train/good/196.png,normal,train
data/raw/bottle/train/good/167.png,normal,train
data/raw/bottle/train/good/178.png,normal,train
data/raw/bottle/test/broken_large/019.png,defective,train
data/raw/bottle/test/broken_large/017.png,defective,train
data/raw/bottle/train/good/051.png,normal,train
data/raw/bottle/train/good/068.png,normal,train
data/raw/bottle/train/good/113.png,normal,train
data/raw/bottle/train/good/175.png,normal,train
data/raw/bottle/train/good/168.png,normal,train
data/raw/bottle/train/good/126.png,normal,train
data/raw/bottle/train/good/090.png,normal,train
data/raw/bottle/test/contamination/004.png,defective,train
data/raw/bottle/test/contamination/003.png,defective,train
data/raw/bottle/train/good/185.png,normal,train
data/raw/bottle/train/good/125.png,normal,train
data/raw/bottle/test/broken_small/016.png,defective,train
data/raw/bottle/train/good/054.png,normal,train
data/raw/bottle/train/good/020.png,normal,train
data/raw/bottle/train/good/188.png,normal,train
data/raw/bottle/test/broken_large/003.png,defective,train
data/raw/bottle/train/good/075.png,normal,train
data/raw/bottle/test/broken_small/006.png,defective,train
data/raw/bottle/test/contamination/001.png,defective,train
data/raw/bottle/train/good/129.png,normal,train
data/raw/bottle/train/good/192.png,normal,train
data/raw/bottle/train/good/007.png,normal,train
data/raw/bottle/train/good/015.png,normal,train
data/raw/bottle/test/contamination/012.png,defective,train
data/raw/bottle/train/good/092.png,normal,train
data/raw/bottle/test/broken_small/010.png,defective,train
data/raw/bottle/train/good/136.png,normal,train
data/raw/bottle/train/good/165.png,normal,train
data/raw/bottle/test/broken_small/021.png,defective,train
data/raw/bottle/test/broken_large/012.png,defective,train
data/raw/bottle/train/good/048.png,normal,train
data/raw/bottle/train/good/124.png,normal,train
data/raw/bottle/test/broken_large/011.png,defective,train
data/raw/bottle/train/good/104.png,normal,train
data/raw/bottle/test/broken_small/013.png,defective,train
data/raw/bottle/train/good/114.png,normal,train
data/raw/bottle/train/good/016.png,normal,train
data/raw/bottle/train/good/028.png,normal,train
data/raw/bottle/train/good/132.png,normal,train
data/raw/bottle/train/good/102.png,normal,train
data/raw/bottle/train/good/041.png,normal,train
data/raw/bottle/train/good/078.png,normal,train
data/raw/bottle/train/good/038.png,normal,train
data/raw/bottle/train/good/170.png,normal,train
data/raw/bottle/train/good/084.png,normal,train
data/raw/bottle/train/good/050.png,normal,train
data/raw/bottle/train/good/208.png,normal,train
data/raw/bottle/test/broken_large/006.png,defective,train
data/raw/bottle/test/good/004.png,normal,train
data/raw/bottle/test/broken_large/015.png,defective,train
data/raw/bottle/test/good/008.png,normal,train
data/raw/bottle/train/good/154.png,normal,train
data/raw/bottle/train/good/121.png,normal,train
data/raw/bottle/test/good/012.png,normal,train
data/raw/bottle/test/broken_small/015.png,defective,val
data/raw/bottle/train/good/080.png,normal,val
data/raw/bottle/train/good/008.png,normal,val
data/raw/bottle/train/good/061.png,normal,val
data/raw/bottle/test/good/009.png,normal,val
data/raw/bottle/train/good/004.png,normal,val
data/raw/bottle/train/good/087.png,normal,val
data/raw/bottle/test/good/000.png,normal,val
data/raw/bottle/test/broken_small/019.png,defective,val
data/raw/bottle/test/good/016.png,normal,val
data/raw/bottle/train/good/023.png,normal,val
data/raw/bottle/train/good/044.png,normal,val
data/raw/bottle/train/good/053.png,normal,val
data/raw/bottle/train/good/161.png,normal,val
data/raw/bottle/train/good/131.png,normal,val
data/raw/bottle/train/good/047.png,normal,val
data/raw/bottle/train/good/184.png,normal,val
data/raw/bottle/test/contamination/020.png,defective,val
data/raw/bottle/train/good/128.png,normal,val
data/raw/bottle/train/good/201.png,normal,val
data/raw/bottle/train/good/103.png,normal,val
data/raw/bottle/train/good/156.png,normal,val
data/raw/bottle/train/good/043.png,normal,val
data/raw/bottle/train/good/123.png,normal,val
data/raw/bottle/train/good/011.png,normal,val
data/raw/bottle/test/broken_large/007.png,defective,val
data/raw/bottle/train/good/134.png,normal,val
data/raw/bottle/train/good/036.png,normal,val
data/raw/bottle/test/contamination/010.png,defective,val
data/raw/bottle/train/good/135.png,normal,val
data/raw/bottle/test/good/018.png,normal,val
data/raw/bottle/train/good/179.png,normal,val
data/raw/bottle/train/good/206.png,normal,val
data/raw/bottle/train/good/049.png,normal,val
data/raw/bottle/test/contamination/008.png,defective,val
data/raw/bottle/train/good/122.png,normal,val
data/raw/bottle/train/good/100.png,normal,val
data/raw/bottle/test/broken_small/000.png,defective,val
data/raw/bottle/test/broken_small/008.png,defective,val
data/raw/bottle/train/good/094.png,normal,val
data/raw/bottle/test/broken_large/001.png,defective,val
data/raw/bottle/train/good/001.png,normal,val
data/raw/bottle/train/good/098.png,normal,val
data/raw/bottle/train/good/189.png,normal,val
data/raw/bottle/train/good/174.png,normal,test
data/raw/bottle/train/good/105.png,normal,test
data/raw/bottle/test/contamination/000.png,defective,test
data/raw/bottle/train/good/027.png,normal,test
data/raw/bottle/train/good/034.png,normal,test
data/raw/bottle/train/good/062.png,normal,test
data/raw/bottle/test/good/002.png,normal,test
data/raw/bottle/train/good/194.png,normal,test
data/raw/bottle/train/good/003.png,normal,test
data/raw/bottle/train/good/040.png,normal,test
data/raw/bottle/test/broken_large/002.png,defective,test
data/raw/bottle/train/good/064.png,normal,test
data/raw/bottle/train/good/145.png,normal,test
data/raw/bottle/train/good/081.png,normal,test
data/raw/bottle/train/good/110.png,normal,test
data/raw/bottle/test/broken_small/003.png,defective,test
data/raw/bottle/test/broken_small/002.png,defective,test
data/raw/bottle/train/good/133.png,normal,test
data/raw/bottle/train/good/190.png,normal,test
data/raw/bottle/train/good/013.png,normal,test
data/raw/bottle/train/good/163.png,normal,test
data/raw/bottle/train/good/162.png,normal,test
data/raw/bottle/train/good/088.png,normal,test
data/raw/bottle/test/good/013.png,normal,test
data/raw/bottle/train/good/153.png,normal,test
data/raw/bottle/train/good/205.png,normal,test
data/raw/bottle/test/broken_large/010.png,defective,test
data/raw/bottle/train/good/138.png,normal,test
data/raw/bottle/test/good/017.png,normal,test
data/raw/bottle/test/contamination/009.png,defective,test
data/raw/bottle/train/good/014.png,normal,test
data/raw/bottle/train/good/032.png,normal,test
data/raw/bottle/train/good/052.png,normal,test
data/raw/bottle/train/good/177.png,normal,test
data/raw/bottle/train/good/150.png,normal,test
data/raw/bottle/train/good/071.png,normal,test
data/raw/bottle/test/broken_small/018.png,defective,test
data/raw/bottle/train/good/070.png,normal,test
data/raw/bottle/train/good/187.png,normal,test
data/raw/bottle/train/good/039.png,normal,test
data/raw/bottle/train/good/199.png,normal,test
data/raw/bottle/test/broken_large/014.png,defective,test
data/raw/bottle/test/broken_small/001.png,defective,test
data/raw/bottle/test/broken_large/018.png,defective,test
